yearID,teamID,R,RA,W,L
1961,LAA,744,784,70,91
1962,LAA,718,706,86,76
1963,LAA,597,660,70,91
1964,LAA,544,551,82,80
1965,CAL,527,569,75,87
1966,CAL,604,643,80,82
1967,CAL,567,587,84,77
1968,CAL,498,615,67,95
1969,CAL,528,652,71,91
1970,CAL,631,630,86,76
1971,CAL,511,576,76,86
1972,CAL,454,533,75,80
1973,CAL,629,657,79,83
1974,CAL,618,657,68,94
1975,CAL,628,723,72,89
1976,CAL,550,631,76,86
1977,CAL,675,695,74,88
1978,CAL,691,666,87,75
1979,CAL,866,768,88,74
1980,CAL,698,797,65,95
1981,CAL,476,453,51,59
1982,CAL,814,670,93,69
1983,CAL,722,779,70,92
1984,CAL,696,697,81,81
1985,CAL,732,703,90,72
1986,CAL,786,684,92,70
1987,CAL,770,803,75,87
1988,CAL,714,771,75,87
1989,CAL,669,578,91,71
1990,CAL,690,706,80,82
1991,CAL,653,649,81,81
1992,CAL,579,671,72,90
1993,CAL,684,770,71,91
1994,CAL,543,660,47,68
1995,CAL,801,697,78,67
1996,CAL,762,943,70,91
1997,ANA,829,794,84,78
1998,ANA,787,783,85,77
1999,ANA,711,826,70,92
2000,ANA,864,869,82,80
2001,ANA,691,730,75,87
2002,ANA,851,644,99,63
2003,ANA,736,743,77,85
2004,ANA,836,734,92,70
2005,LAA,761,643,95,67
2006,LAA,766,732,89,73
2007,LAA,822,731,94,68
2008,LAA,765,697,100,62
2009,LAA,883,761,97,65
2010,LAA,681,702,80,82
2011,LAA,667,633,86,76
2012,LAA,767,699,89,73
2013,LAA,733,737,78,84
2014,LAA,773,630,98,64
2015,LAA,661,675,85,77
2016,LAA,717,727,74,88
2017,LAA,710,709,80,82
2018,LAA,721,722,80,82
2019,LAA,769,868,72,90
2020,LAA,294,321,26,34
2021,LAA,723,804,77,85
2022,LAA,623,668,73,89
2023,LAA,739,829,73,89
2024,LAA,635,797,63,99
1998,ARI,665,812,65,97
1999,ARI,908,676,100,62
2000,ARI,792,754,85,77
2001,ARI,818,677,92,70
2002,ARI,819,674,98,64
2003,ARI,717,685,84,78
2004,ARI,615,899,51,111
2005,ARI,696,856,77,85
2006,ARI,773,788,76,86
2007,ARI,712,732,90,72
2008,ARI,720,706,82,80
2009,ARI,720,782,70,92
2010,ARI,713,836,65,97
2011,ARI,731,662,94,68
2012,ARI,734,688,81,81
2013,ARI,685,695,81,81
2014,ARI,615,742,64,98
2015,ARI,720,713,79,83
2016,ARI,752,890,69,93
2017,ARI,812,659,93,69
2018,ARI,693,644,82,80
2019,ARI,813,743,85,77
2020,ARI,269,295,25,35
2021,ARI,679,893,52,110
2022,ARI,702,740,74,88
2023,ARI,746,761,84,78
2024,ARI,886,788,89,73
1955,ML1,743,668,85,69
1956,ML1,709,569,92,62
1957,ML1,772,613,95,59
1958,ML1,675,541,92,62
1959,ML1,724,623,86,70
1960,ML1,724,658,88,66
1961,ML1,712,656,83,71
1962,ML1,730,665,86,76
1963,ML1,677,603,84,78
1964,ML1,803,744,88,74
1965,ML1,708,633,86,76
1966,ATL,782,683,85,77
1967,ATL,631,640,77,85
1968,ATL,514,549,81,81
1969,ATL,691,631,93,69
1970,ATL,736,772,76,86
1971,ATL,643,699,82,80
1972,ATL,628,730,70,84
1973,ATL,799,774,76,85
1974,ATL,661,563,88,74
1975,ATL,583,739,67,94
1976,ATL,620,700,70,92
1977,ATL,678,895,61,101
1978,ATL,600,750,69,93
1979,ATL,669,763,66,94
1980,ATL,630,660,81,80
1981,ATL,395,416,50,56
1982,ATL,739,702,89,73
1983,ATL,746,640,88,74
1984,ATL,632,655,80,82
1985,ATL,632,781,66,96
1986,ATL,615,719,72,89
1987,ATL,747,829,69,92
1988,ATL,555,741,54,106
1989,ATL,584,680,63,97
1990,ATL,682,821,65,97
1991,ATL,749,644,94,68
1992,ATL,682,569,98,64
1993,ATL,767,559,104,58
1994,ATL,542,448,68,46
1995,ATL,645,540,90,54
1996,ATL,773,648,96,66
1997,ATL,791,581,101,61
1998,ATL,826,581,106,56
1999,ATL,840,661,103,59
2000,ATL,810,714,95,67
2001,ATL,729,643,88,74
2002,ATL,708,565,101,59
2003,ATL,907,740,101,61
2004,ATL,803,668,96,66
2005,ATL,769,674,90,72
2006,ATL,849,805,79,83
2007,ATL,810,733,84,78
2008,ATL,753,778,72,90
2009,ATL,735,641,86,76
2010,ATL,738,629,91,71
2011,ATL,641,605,89,73
2012,ATL,700,600,94,68
2013,ATL,688,548,96,66
2014,ATL,573,597,79,83
2015,ATL,573,760,67,95
2016,ATL,649,779,68,93
2017,ATL,732,821,72,90
2018,ATL,759,657,90,72
2019,ATL,855,743,97,65
2020,ATL,348,288,35,25
2021,ATL,790,656,88,73
2022,ATL,789,609,101,61
2023,ATL,947,716,104,58
2024,ATL,704,607,89,73
1955,BAL,540,754,57,97
1956,BAL,571,705,69,85
1957,BAL,597,588,76,76
1958,BAL,521,575,74,79
1959,BAL,551,621,74,80
1960,BAL,682,606,89,65
1961,BAL,691,588,95,67
1962,BAL,652,680,77,85
1963,BAL,644,621,86,76
1964,BAL,679,567,97,65
1965,BAL,641,578,94,68
1966,BAL,755,601,97,63
1967,BAL,654,592,76,85
1968,BAL,579,497,91,71
1969,BAL,779,517,109,53
1970,BAL,792,574,108,54
1971,BAL,742,530,101,57
1972,BAL,519,430,80,74
1973,BAL,754,561,97,65
1974,BAL,659,612,91,71
1975,BAL,682,553,90,69
1976,BAL,619,598,88,74
1977,BAL,719,653,97,64
1978,BAL,659,633,90,71
1979,BAL,757,582,102,57
1980,BAL,805,640,100,62
1981,BAL,429,437,59,46
1982,BAL,774,687,94,68
1983,BAL,799,652,98,64
1984,BAL,681,667,85,77
1985,BAL,818,764,83,78
1986,BAL,708,760,73,89
1987,BAL,729,880,67,95
1988,BAL,550,789,54,107
1989,BAL,708,686,87,75
1990,BAL,669,698,76,85
1991,BAL,686,796,67,95
1992,BAL,705,656,89,73
1993,BAL,786,745,85,77
1994,BAL,589,497,63,49
1995,BAL,704,640,71,73
1996,BAL,949,903,88,74
1997,BAL,812,681,98,64
1998,BAL,817,785,79,83
1999,BAL,851,815,78,84
2000,BAL,794,913,74,88
2001,BAL,687,829,63,98
2002,BAL,667,773,67,95
2003,BAL,743,820,71,91
2004,BAL,842,830,78,84
2005,BAL,729,800,74,88
2006,BAL,768,899,70,92
2007,BAL,756,868,69,93
2008,BAL,782,869,68,93
2009,BAL,741,876,64,98
2010,BAL,613,785,66,96
2011,BAL,708,860,69,93
2012,BAL,712,705,93,69
2013,BAL,745,709,85,77
2014,BAL,705,593,96,66
2015,BAL,713,693,81,81
2016,BAL,744,715,89,73
2017,BAL,743,841,75,87
2018,BAL,622,892,47,115
2019,BAL,729,981,54,108
2020,BAL,274,294,25,35
2021,BAL,659,956,52,110
2022,BAL,674,688,83,79
2023,BAL,807,678,101,61
2024,BAL,786,699,91,71
1955,BOS,755,652,84,70
1956,BOS,780,751,84,70
1957,BOS,721,668,82,72
1958,BOS,697,691,79,75
1959,BOS,726,696,75,79
1960,BOS,658,775,65,89
1961,BOS,729,792,76,86
1962,BOS,707,756,76,84
1963,BOS,666,704,76,85
1964,BOS,688,793,72,90
1965,BOS,669,791,62,100
1966,BOS,655,731,72,90
1967,BOS,722,614,92,70
1968,BOS,614,611,86,76
1969,BOS,743,736,87,75
1970,BOS,786,722,87,75
1971,BOS,691,667,85,77
1972,BOS,640,620,85,70
1973,BOS,738,647,89,73
1974,BOS,696,661,84,78
1975,BOS,796,709,95,65
1976,BOS,716,660,83,79
1977,BOS,859,712,97,64
1978,BOS,796,657,99,64
1979,BOS,841,711,91,69
1980,BOS,757,767,83,77
1981,BOS,519,481,59,49
1982,BOS,753,713,89,73
1983,BOS,724,775,78,84
1984,BOS,810,764,86,76
1985,BOS,800,720,81,81
1986,BOS,794,696,95,66
1987,BOS,842,825,78,84
1988,BOS,813,689,89,73
1989,BOS,774,735,83,79
1990,BOS,699,664,88,74
1991,BOS,731,712,84,78
1992,BOS,599,669,73,89
1993,BOS,686,698,80,82
1994,BOS,552,621,54,61
1995,BOS,791,698,86,58
1996,BOS,928,921,85,77
1997,BOS,851,857,78,84
1998,BOS,876,729,92,70
1999,BOS,836,718,94,68
2000,BOS,792,745,85,77
2001,BOS,772,745,82,79
2002,BOS,859,665,93,69
2003,BOS,961,809,95,67
2004,BOS,949,768,98,64
2005,BOS,910,805,95,67
2006,BOS,820,825,86,76
2007,BOS,867,657,96,66
2008,BOS,845,694,95,67
2009,BOS,872,736,95,67
2010,BOS,818,744,89,73
2011,BOS,875,737,90,72
2012,BOS,734,806,69,93
2013,BOS,853,656,97,65
2014,BOS,634,715,71,91
2015,BOS,748,753,78,84
2016,BOS,878,694,93,69
2017,BOS,785,668,93,69
2018,BOS,876,647,108,54
2019,BOS,901,828,84,78
2020,BOS,292,351,24,36
2021,BOS,829,749,92,70
2022,BOS,735,787,78,84
2023,BOS,772,776,78,84
2024,BOS,751,747,81,81
1955,CHN,626,713,72,81
1956,CHN,597,708,60,94
1957,CHN,628,722,62,92
1958,CHN,709,725,72,82
1959,CHN,673,688,74,80
1960,CHN,634,776,60,94
1961,CHN,689,800,64,90
1962,CHN,632,827,59,103
1963,CHN,570,578,82,80
1964,CHN,649,724,76,86
1965,CHN,635,723,72,90
1966,CHN,644,809,59,103
1967,CHN,702,624,87,74
1968,CHN,612,611,84,78
1969,CHN,720,611,92,70
1970,CHN,806,679,84,78
1971,CHN,637,648,83,79
1972,CHN,685,567,85,70
1973,CHN,614,655,77,84
1974,CHN,669,826,66,96
1975,CHN,712,827,75,87
1976,CHN,611,728,75,87
1977,CHN,692,739,81,81
1978,CHN,664,724,79,83
1979,CHN,706,707,80,82
1980,CHN,614,728,64,98
1981,CHN,370,483,38,65
1982,CHN,676,709,73,89
1983,CHN,701,719,71,91
1984,CHN,762,658,96,65
1985,CHN,686,729,77,84
1986,CHN,680,781,70,90
1987,CHN,720,801,76,85
1988,CHN,660,694,77,85
1989,CHN,702,623,93,69
1990,CHN,690,774,77,85
1991,CHN,695,734,77,83
1992,CHN,593,624,78,84
1993,CHN,738,739,84,78
1994,CHN,500,549,49,64
1995,CHN,693,671,73,71
1996,CHN,772,771,76,86
1997,CHN,687,759,68,94
1998,CHN,831,792,90,73
1999,CHN,747,920,67,95
2000,CHN,764,904,65,97
2001,CHN,777,701,88,74
2002,CHN,706,759,67,95
2003,CHN,724,683,88,74
2004,CHN,789,665,89,73
2005,CHN,703,714,79,83
2006,CHN,716,834,66,96
2007,CHN,752,690,85,77
2008,CHN,855,671,97,64
2009,CHN,707,672,83,78
2010,CHN,685,767,75,87
2011,CHN,654,756,71,91
2012,CHN,613,759,61,101
2013,CHN,602,689,66,96
2014,CHN,614,707,73,89
2015,CHN,689,608,97,65
2016,CHN,808,556,103,58
2017,CHN,822,695,92,70
2018,CHN,761,645,95,68
2019,CHN,814,717,84,78
2020,CHN,265,240,34,26
2021,CHN,705,839,71,91
2022,CHN,657,731,74,88
2023,CHN,819,723,83,79
2024,CHN,736,669,83,79
1955,CHA,725,557,91,63
1956,CHA,776,634,85,69
1957,CHA,707,566,90,64
1958,CHA,634,615,82,72
1959,CHA,669,588,94,60
1960,CHA,741,617,87,67
1961,CHA,765,726,86,76
1962,CHA,707,658,85,77
1963,CHA,683,544,94,68
1964,CHA,642,501,98,64
1965,CHA,647,555,95,67
1966,CHA,574,517,83,79
1967,CHA,531,491,89,73
1968,CHA,463,527,67,95
1969,CHA,625,723,68,94
1970,CHA,633,822,56,106
1971,CHA,617,597,79,83
1972,CHA,566,538,87,67
1973,CHA,652,705,77,85
1974,CHA,684,721,80,80
1975,CHA,655,703,75,86
1976,CHA,586,745,64,97
1977,CHA,844,771,90,72
1978,CHA,634,731,71,90
1979,CHA,730,748,73,87
1980,CHA,587,722,70,90
1981,CHA,476,423,54,52
1982,CHA,786,710,87,75
1983,CHA,800,650,99,63
1984,CHA,679,736,74,88
1985,CHA,736,720,85,77
1986,CHA,644,699,72,90
1987,CHA,748,746,77,85
1988,CHA,631,757,71,90
1989,CHA,693,750,69,92
1990,CHA,682,633,94,68
1991,CHA,758,681,87,75
1992,CHA,738,690,86,76
1993,CHA,776,664,94,68
1994,CHA,633,498,67,46
1995,CHA,755,758,68,76
1996,CHA,898,794,85,77
1997,CHA,779,833,80,81
1998,CHA,861,931,80,82
1999,CHA,777,870,75,86
2000,CHA,978,839,95,67
2001,CHA,798,795,83,79
2002,CHA,856,798,81,81
2003,CHA,791,715,86,76
2004,CHA,865,831,83,79
2005,CHA,741,645,99,63
2006,CHA,868,794,90,72
2007,CHA,693,839,72,90
2008,CHA,811,729,89,74
2009,CHA,724,732,79,83
2010,CHA,752,704,88,74
2011,CHA,654,706,79,83
2012,CHA,748,676,85,77
2013,CHA,598,723,63,99
2014,CHA,660,758,73,89
2015,CHA,622,701,76,86
2016,CHA,686,715,78,84
2017,CHA,706,820,67,95
2018,CHA,656,848,62,100
2019,CHA,708,832,72,89
2020,CHA,306,246,35,25
2021,CHA,796,636,93,69
2022,CHA,686,717,81,81
2023,CHA,641,841,61,101
2024,CHA,507,813,41,121
1955,CIN,761,684,75,79
1956,CIN,775,658,91,63
1957,CIN,747,781,80,74
1958,CIN,695,621,76,78
1959,CIN,764,738,74,80
1960,CIN,640,692,67,87
1961,CIN,710,653,93,61
1962,CIN,802,685,98,64
1963,CIN,648,594,86,76
1964,CIN,660,566,92,70
1965,CIN,825,704,89,73
1966,CIN,692,702,76,84
1967,CIN,604,563,87,75
1968,CIN,690,673,83,79
1969,CIN,798,768,89,73
1970,CIN,775,681,102,60
1971,CIN,586,581,79,83
1972,CIN,707,557,95,59
1973,CIN,741,621,99,63
1974,CIN,776,631,98,64
1975,CIN,840,586,108,54
1976,CIN,857,633,102,60
1977,CIN,802,725,88,74
1978,CIN,710,688,92,69
1979,CIN,731,644,90,71
1980,CIN,707,670,89,73
1981,CIN,464,440,66,42
1982,CIN,545,661,61,101
1983,CIN,623,710,74,88
1984,CIN,627,747,70,92
1985,CIN,677,666,89,72
1986,CIN,732,717,86,76
1987,CIN,783,752,84,78
1988,CIN,641,596,87,74
1989,CIN,632,691,75,87
1990,CIN,693,597,91,71
1991,CIN,689,691,74,88
1992,CIN,660,609,90,72
1993,CIN,722,785,73,89
1994,CIN,609,490,66,48
1995,CIN,747,623,85,59
1996,CIN,778,773,81,81
1997,CIN,651,764,76,86
1998,CIN,750,760,77,85
1999,CIN,865,711,96,67
2000,CIN,825,765,85,77
2001,CIN,735,850,66,96
2002,CIN,709,774,78,84
2003,CIN,694,886,69,93
2004,CIN,750,907,76,86
2005,CIN,820,889,73,89
2006,CIN,749,801,80,82
2007,CIN,783,853,72,90
2008,CIN,704,800,74,88
2009,CIN,673,723,78,84
2010,CIN,790,685,91,71
2011,CIN,735,720,79,83
2012,CIN,669,588,97,65
2013,CIN,698,589,90,72
2014,CIN,595,612,76,86
2015,CIN,640,754,64,98
2016,CIN,716,854,68,94
2017,CIN,753,869,68,94
2018,CIN,696,819,67,95
2019,CIN,701,711,75,87
2020,CIN,243,243,31,29
2021,CIN,786,760,83,79
2022,CIN,648,815,62,100
2023,CIN,783,821,82,80
2024,CIN,699,694,77,85
1955,CLE,698,601,93,61
1956,CLE,712,581,88,66
1957,CLE,682,722,76,77
1958,CLE,694,635,77,76
1959,CLE,745,646,89,65
1960,CLE,667,693,76,78
1961,CLE,737,752,78,83
1962,CLE,682,745,80,82
1963,CLE,635,702,79,83
1964,CLE,689,693,79,83
1965,CLE,663,613,87,75
1966,CLE,574,586,81,81
1967,CLE,559,613,75,87
1968,CLE,516,504,86,75
1969,CLE,573,717,62,99
1970,CLE,649,675,76,86
1971,CLE,543,747,60,102
1972,CLE,472,519,72,84
1973,CLE,680,826,71,91
1974,CLE,662,694,77,85
1975,CLE,688,703,79,80
1976,CLE,615,615,81,78
1977,CLE,676,739,71,90
1978,CLE,639,694,69,90
1979,CLE,760,805,81,80
1980,CLE,738,807,79,81
1981,CLE,431,442,52,51
1982,CLE,683,748,78,84
1983,CLE,704,785,70,92
1984,CLE,761,766,75,87
1985,CLE,729,861,60,102
1986,CLE,831,841,84,78
1987,CLE,742,957,61,101
1988,CLE,666,731,78,84
1989,CLE,604,654,73,89
1990,CLE,732,737,77,85
1991,CLE,576,759,57,105
1992,CLE,674,746,76,86
1993,CLE,790,813,76,86
1994,CLE,679,562,66,47
1995,CLE,840,607,100,44
1996,CLE,952,769,99,62
1997,CLE,868,815,86,75
1998,CLE,850,779,89,73
1999,CLE,1009,860,97,65
2000,CLE,950,816,90,72
2001,CLE,897,821,91,71
2002,CLE,739,837,74,88
2003,CLE,699,778,68,94
2004,CLE,858,857,80,82
2005,CLE,790,642,93,69
2006,CLE,870,782,78,84
2007,CLE,811,704,96,66
2008,CLE,805,761,81,81
2009,CLE,773,865,65,97
2010,CLE,646,752,69,93
2011,CLE,704,760,80,82
2012,CLE,667,845,68,94
2013,CLE,745,662,92,70
2014,CLE,669,653,85,77
2015,CLE,669,640,81,80
2016,CLE,777,676,94,67
2017,CLE,818,564,102,60
2018,CLE,818,648,91,71
2019,CLE,769,657,93,69
2020,CLE,248,209,35,25
2021,CLE,717,727,80,82
2022,CLE,698,634,92,70
2023,CLE,662,697,76,86
2024,CLE,708,621,92,69
1993,COL,758,967,67,95
1994,COL,573,638,53,64
1995,COL,785,783,77,67
1996,COL,961,964,83,79
1997,COL,923,908,83,79
1998,COL,826,855,77,85
1999,COL,906,1028,72,90
2000,COL,968,897,82,80
2001,COL,923,906,73,89
2002,COL,778,898,73,89
2003,COL,853,892,74,88
2004,COL,833,923,68,94
2005,COL,740,862,67,95
2006,COL,813,812,76,86
2007,COL,860,758,90,73
2008,COL,747,822,74,88
2009,COL,804,715,92,70
2010,COL,770,717,83,79
2011,COL,735,774,73,89
2012,COL,758,890,64,98
2013,COL,706,760,74,88
2014,COL,755,818,66,96
2015,COL,737,844,68,94
2016,COL,845,860,75,87
2017,COL,824,757,87,75
2018,COL,780,745,91,72
2019,COL,835,958,71,91
2020,COL,275,353,26,34
2021,COL,739,796,74,87
2022,COL,698,873,68,94
2023,COL,721,957,59,103
2024,COL,682,929,61,101
1955,DET,775,658,79,75
1956,DET,789,699,82,72
1957,DET,614,614,78,76
1958,DET,659,606,77,77
1959,DET,713,732,76,78
1960,DET,633,644,71,83
1961,DET,841,671,101,61
1962,DET,758,692,85,76
1963,DET,700,703,79,83
1964,DET,699,678,85,77
1965,DET,680,602,89,73
1966,DET,719,698,88,74
1967,DET,683,587,91,71
1968,DET,671,492,103,59
1969,DET,701,601,90,72
1970,DET,666,731,79,83
1971,DET,701,645,91,71
1972,DET,558,514,86,70
1973,DET,642,674,85,77
1974,DET,620,768,72,90
1975,DET,570,786,57,102
1976,DET,609,709,74,87
1977,DET,714,751,74,88
1978,DET,714,653,86,76
1979,DET,770,738,85,76
1980,DET,830,757,84,78
1981,DET,427,404,60,49
1982,DET,729,685,83,79
1983,DET,789,679,92,70
1984,DET,829,643,104,58
1985,DET,729,688,84,77
1986,DET,798,714,87,75
1987,DET,896,735,98,64
1988,DET,703,658,88,74
1989,DET,617,816,59,103
1990,DET,750,754,79,83
1991,DET,817,794,84,78
1992,DET,791,794,75,87
1993,DET,899,837,85,77
1994,DET,652,671,53,62
1995,DET,654,844,60,84
1996,DET,783,1103,53,109
1997,DET,784,790,79,83
1998,DET,722,863,65,97
1999,DET,747,882,69,92
2000,DET,823,827,79,83
2001,DET,724,876,66,96
2002,DET,575,864,55,106
2003,DET,591,928,43,119
2004,DET,827,844,72,90
2005,DET,723,787,71,91
2006,DET,822,675,95,67
2007,DET,887,797,88,74
2008,DET,821,857,74,88
2009,DET,743,745,86,77
2010,DET,751,743,81,81
2011,DET,787,711,95,67
2012,DET,726,670,88,74
2013,DET,796,624,93,69
2014,DET,757,705,90,72
2015,DET,689,803,74,87
2016,DET,750,721,86,75
2017,DET,735,894,64,98
2018,DET,630,796,64,98
2019,DET,582,915,47,114
2020,DET,249,318,23,35
2021,DET,697,756,77,85
2022,DET,557,713,66,96
2023,DET,661,740,78,84
2024,DET,682,642,86,76
1993,FLO,581,724,64,98
1994,FLO,468,576,51,64
1995,FLO,673,673,67,76
1996,FLO,688,703,80,82
1997,FLO,740,669,92,70
1998,FLO,667,923,54,108
1999,FLO,691,852,64,98
2000,FLO,731,797,79,82
2001,FLO,742,744,76,86
2002,FLO,699,763,79,83
2003,FLO,751,692,91,71
2004,FLO,718,700,83,79
2005,FLO,717,732,83,79
2006,FLO,758,772,78,84
2007,FLO,790,891,71,91
2008,FLO,770,767,84,77
2009,FLO,772,766,87,75
2010,FLO,719,717,80,82
2011,FLO,625,702,72,90
2012,MIA,609,724,69,93
2013,MIA,513,646,62,100
2014,MIA,645,674,77,85
2015,MIA,613,678,71,91
2016,MIA,655,682,79,82
2017,MIA,778,822,77,85
2018,MIA,589,809,63,98
2019,MIA,615,808,57,105
2020,MIA,263,304,31,29
2021,MIA,623,701,67,95
2022,MIA,586,676,69,93
2023,MIA,666,723,84,78
2024,MIA,637,841,62,100
1962,HOU,592,717,64,96
1963,HOU,464,640,66,96
1964,HOU,495,628,66,96
1965,HOU,569,711,65,97
1966,HOU,612,695,72,90
1967,HOU,626,742,69,93
1968,HOU,510,588,72,90
1969,HOU,676,668,81,81
1970,HOU,744,763,79,83
1971,HOU,585,567,79,83
1972,HOU,708,636,84,69
1973,HOU,681,672,82,80
1974,HOU,653,632,81,81
1975,HOU,664,711,64,97
1976,HOU,625,657,80,82
1977,HOU,680,650,81,81
1978,HOU,605,634,74,88
1979,HOU,583,582,89,73
1980,HOU,637,589,93,70
1981,HOU,394,331,61,49
1982,HOU,569,620,77,85
1983,HOU,643,646,85,77
1984,HOU,693,630,80,82
1985,HOU,706,691,83,79
1986,HOU,654,569,96,66
1987,HOU,648,678,76,86
1988,HOU,617,631,82,80
1989,HOU,647,669,86,76
1990,HOU,573,656,75,87
1991,HOU,605,717,65,97
1992,HOU,608,668,81,81
1993,HOU,716,630,85,77
1994,HOU,602,503,66,49
1995,HOU,747,674,76,68
1996,HOU,753,792,82,80
1997,HOU,777,660,84,78
1998,HOU,874,620,102,60
1999,HOU,823,675,97,65
2000,HOU,938,944,72,90
2001,HOU,847,769,93,69
2002,HOU,749,695,84,78
2003,HOU,805,677,87,75
2004,HOU,803,698,92,70
2005,HOU,693,609,89,73
2006,HOU,735,719,82,80
2007,HOU,723,813,73,89
2008,HOU,712,743,86,75
2009,HOU,643,770,74,88
2010,HOU,611,729,76,86
2011,HOU,615,796,56,106
2012,HOU,583,794,55,107
2013,HOU,610,848,51,111
2014,HOU,629,723,70,92
2015,HOU,729,618,86,76
2016,HOU,724,701,84,78
2017,HOU,896,700,101,61
2018,HOU,797,534,103,59
2019,HOU,920,640,107,55
2020,HOU,279,275,29,31
2021,HOU,863,658,95,67
2022,HOU,737,518,106,56
2023,HOU,827,698,90,72
2024,HOU,740,649,88,73
1969,KCA,586,688,69,93
1970,KCA,611,705,65,97
1971,KCA,603,566,85,76
1972,KCA,580,545,76,78
1973,KCA,755,752,88,74
1974,KCA,667,662,77,85
1975,KCA,710,649,91,71
1976,KCA,713,611,90,72
1977,KCA,822,651,102,60
1978,KCA,743,634,92,70
1979,KCA,851,816,85,77
1980,KCA,809,694,97,65
1981,KCA,397,405,50,53
1982,KCA,784,717,90,72
1983,KCA,696,767,79,83
1984,KCA,673,686,84,78
1985,KCA,687,639,91,71
1986,KCA,654,673,76,86
1987,KCA,715,691,83,79
1988,KCA,704,648,84,77
1989,KCA,690,635,92,70
1990,KCA,707,709,75,86
1991,KCA,727,722,82,80
1992,KCA,610,667,72,90
1993,KCA,675,694,84,78
1994,KCA,574,532,64,51
1995,KCA,629,691,70,74
1996,KCA,746,786,75,86
1997,KCA,747,820,67,94
1998,KCA,714,899,72,89
1999,KCA,856,921,64,97
2000,KCA,879,930,77,85
2001,KCA,729,858,65,97
2002,KCA,737,891,62,100
2003,KCA,836,867,83,79
2004,KCA,720,905,58,104
2005,KCA,701,935,56,106
2006,KCA,757,971,62,100
2007,KCA,706,778,69,93
2008,KCA,691,781,75,87
2009,KCA,686,842,65,97
2010,KCA,676,845,67,95
2011,KCA,730,762,71,91
2012,KCA,676,746,72,90
2013,KCA,648,601,86,76
2014,KCA,651,624,89,73
2015,KCA,724,641,95,67
2016,KCA,675,712,81,81
2017,KCA,702,791,80,82
2018,KCA,638,833,58,104
2019,KCA,691,869,59,103
2020,KCA,248,272,26,34
2021,KCA,686,788,74,88
2022,KCA,640,810,65,97
2023,KCA,676,859,56,106
2024,KCA,735,644,86,76
1955,BRO,857,650,98,55
1956,BRO,720,601,93,61
1957,BRO,690,591,84,70
1958,LAN,668,761,71,83
1959,LAN,705,670,88,68
1960,LAN,662,593,82,72
1961,LAN,735,697,89,65
1962,LAN,842,697,102,63
1963,LAN,640,550,99,63
1964,LAN,614,572,80,82
1965,LAN,608,521,97,65
1966,LAN,606,490,95,67
1967,LAN,519,595,73,89
1968,LAN,470,509,76,86
1969,LAN,645,561,85,77
1970,LAN,749,684,87,74
1971,LAN,663,587,89,73
1972,LAN,584,527,85,70
1973,LAN,675,565,95,66
1974,LAN,798,561,102,60
1975,LAN,648,534,88,74
1976,LAN,608,543,92,70
1977,LAN,769,582,98,64
1978,LAN,727,573,95,67
1979,LAN,739,717,79,83
1980,LAN,663,591,92,71
1981,LAN,450,356,63,47
1982,LAN,691,612,88,74
1983,LAN,654,609,91,71
1984,LAN,580,600,79,83
1985,LAN,682,579,95,67
1986,LAN,638,679,73,89
1987,LAN,635,675,73,89
1988,LAN,628,544,94,67
1989,LAN,554,536,77,83
1990,LAN,728,685,86,76
1991,LAN,665,565,93,69
1992,LAN,548,636,63,99
1993,LAN,675,662,81,81
1994,LAN,532,509,58,56
1995,LAN,634,609,78,66
1996,LAN,703,652,90,72
1997,LAN,742,645,88,74
1998,LAN,669,678,83,79
1999,LAN,793,787,77,85
2000,LAN,798,729,86,76
2001,LAN,758,744,86,76
2002,LAN,713,643,92,70
2003,LAN,574,556,85,77
2004,LAN,761,684,93,69
2005,LAN,685,755,71,91
2006,LAN,820,751,88,74
2007,LAN,735,727,82,80
2008,LAN,700,648,84,78
2009,LAN,780,611,95,67
2010,LAN,667,692,80,82
2011,LAN,644,612,82,79
2012,LAN,637,597,86,76
2013,LAN,649,582,92,70
2014,LAN,718,617,94,68
2015,LAN,667,595,92,70
2016,LAN,725,638,91,71
2017,LAN,770,580,104,58
2018,LAN,804,610,92,71
2019,LAN,886,613,106,56
2020,LAN,349,213,43,17
2021,LAN,830,561,106,56
2022,LAN,847,513,111,51
2023,LAN,906,699,100,62
2024,LAN,842,686,98,64
1969,SE1,639,799,64,98
1970,ML4,613,751,65,97
1971,ML4,534,609,69,92
1972,ML4,493,595,65,91
1973,ML4,708,731,74,88
1974,ML4,647,660,76,86
1975,ML4,675,792,68,94
1976,ML4,570,655,66,95
1977,ML4,639,765,67,95
1978,ML4,804,650,93,69
1979,ML4,807,722,95,66
1980,ML4,811,682,86,76
1981,ML4,493,459,62,47
1982,ML4,891,717,95,67
1983,ML4,764,708,87,75
1984,ML4,641,734,67,94
1985,ML4,690,802,71,90
1986,ML4,667,734,77,84
1987,ML4,862,817,91,71
1988,ML4,682,616,87,75
1989,ML4,707,679,81,81
1990,ML4,732,760,74,88
1991,ML4,799,744,83,79
1992,ML4,740,604,92,70
1993,ML4,733,792,69,93
1994,ML4,547,586,53,62
1995,ML4,740,747,65,79
1996,ML4,894,899,80,82
1997,ML4,681,742,78,83
1998,MIL,707,812,74,88
1999,MIL,815,886,74,87
2000,MIL,740,826,73,89
2001,MIL,740,806,68,94
2002,MIL,627,821,56,106
2003,MIL,714,873,68,94
2004,MIL,634,757,67,94
2005,MIL,726,697,81,81
2006,MIL,730,833,75,87
2007,MIL,801,776,83,79
2008,MIL,750,689,90,72
2009,MIL,785,818,80,82
2010,MIL,750,804,77,85
2011,MIL,721,638,96,66
2012,MIL,776,733,83,79
2013,MIL,640,687,74,88
2014,MIL,650,657,82,80
2015,MIL,655,737,68,94
2016,MIL,671,733,73,89
2017,MIL,732,697,86,76
2018,MIL,754,659,96,67
2019,MIL,769,766,89,73
2020,MIL,247,264,29,31
2021,MIL,738,623,95,67
2022,MIL,725,688,86,76
2023,MIL,728,647,92,70
2024,MIL,777,641,93,69
1955,WS1,598,789,53,101
1956,WS1,652,924,59,95
1957,WS1,603,808,55,99
1958,WS1,553,747,61,93
1959,WS1,619,701,63,91
1960,WS1,672,696,73,81
1961,MIN,707,778,70,90
1962,MIN,798,713,91,71
1963,MIN,767,602,91,70
1964,MIN,737,678,79,83
1965,MIN,774,600,102,60
1966,MIN,663,581,89,73
1967,MIN,671,590,91,71
1968,MIN,562,546,79,83
1969,MIN,790,618,97,65
1970,MIN,744,605,98,64
1971,MIN,654,670,74,86
1972,MIN,537,535,77,77
1973,MIN,738,692,81,81
1974,MIN,673,669,82,80
1975,MIN,724,736,76,83
1976,MIN,743,704,85,77
1977,MIN,867,776,84,77
1978,MIN,666,678,73,89
1979,MIN,764,725,82,80
1980,MIN,670,724,77,84
1981,MIN,378,486,41,68
1982,MIN,657,819,60,102
1983,MIN,709,822,70,92
1984,MIN,673,675,81,81
1985,MIN,705,782,77,85
1986,MIN,741,839,71,91
1987,MIN,786,806,85,77
1988,MIN,759,672,91,71
1989,MIN,740,738,80,82
1990,MIN,666,729,74,88
1991,MIN,776,652,95,67
1992,MIN,747,653,90,72
1993,MIN,693,830,71,91
1994,MIN,594,688,53,60
1995,MIN,703,889,56,88
1996,MIN,877,900,78,84
1997,MIN,772,861,68,94
1998,MIN,734,818,70,92
1999,MIN,686,845,63,97
2000,MIN,748,880,69,93
2001,MIN,771,766,85,77
2002,MIN,768,712,94,67
2003,MIN,801,758,90,72
2004,MIN,780,715,92,70
2005,MIN,688,662,83,79
2006,MIN,801,683,96,66
2007,MIN,718,725,79,83
2008,MIN,829,745,88,75
2009,MIN,817,765,87,76
2010,MIN,781,671,94,68
2011,MIN,619,804,63,99
2012,MIN,701,832,66,96
2013,MIN,614,788,66,96
2014,MIN,715,777,70,92
2015,MIN,696,700,83,79
2016,MIN,722,889,59,103
2017,MIN,815,788,85,77
2018,MIN,738,775,78,84
2019,MIN,939,754,101,61
2020,MIN,269,215,36,24
2021,MIN,729,834,73,89
2022,MIN,696,684,78,84
2023,MIN,778,659,87,75
2024,MIN,742,735,82,80
1962,NYN,617,948,40,120
1963,NYN,501,774,51,111
1964,NYN,569,776,53,109
1965,NYN,495,752,50,112
1966,NYN,587,761,66,95
1967,NYN,498,672,61,101
1968,NYN,473,499,73,89
1969,NYN,632,541,100,62
1970,NYN,695,630,83,79
1971,NYN,588,550,83,79
1972,NYN,528,578,83,73
1973,NYN,608,588,82,79
1974,NYN,572,646,71,91
1975,NYN,646,625,82,80
1976,NYN,615,538,86,76
1977,NYN,587,663,64,98
1978,NYN,607,690,66,96
1979,NYN,593,706,63,99
1980,NYN,611,702,67,95
1981,NYN,348,432,41,62
1982,NYN,609,723,65,97
1983,NYN,575,680,68,94
1984,NYN,652,676,90,72
1985,NYN,695,568,98,64
1986,NYN,783,578,108,54
1987,NYN,823,698,92,70
1988,NYN,703,532,100,60
1989,NYN,683,595,87,75
1990,NYN,775,613,91,71
1991,NYN,640,646,77,84
1992,NYN,599,653,72,90
1993,NYN,672,744,59,103
1994,NYN,506,526,55,58
1995,NYN,657,618,69,75
1996,NYN,746,779,71,91
1997,NYN,777,709,88,74
1998,NYN,706,645,88,74
1999,NYN,853,711,97,66
2000,NYN,807,738,94,68
2001,NYN,642,713,82,80
2002,NYN,690,703,75,86
2003,NYN,642,754,66,95
2004,NYN,684,731,71,91
2005,NYN,722,648,83,79
2006,NYN,834,731,97,65
2007,NYN,804,750,88,74
2008,NYN,799,715,89,73
2009,NYN,671,757,70,92
2010,NYN,656,652,79,83
2011,NYN,718,742,77,85
2012,NYN,650,709,74,88
2013,NYN,619,684,74,88
2014,NYN,629,618,79,83
2015,NYN,683,613,90,72
2016,NYN,671,617,87,75
2017,NYN,735,863,70,92
2018,NYN,676,707,77,85
2019,NYN,791,737,86,76
2020,NYN,286,308,26,34
2021,NYN,636,668,77,85
2022,NYN,772,606,101,61
2023,NYN,717,729,75,87
2024,NYN,768,697,89,73
1955,NYA,762,569,96,58
1956,NYA,857,631,97,57
1957,NYA,723,534,98,56
1958,NYA,759,577,92,62
1959,NYA,687,647,79,75
1960,NYA,746,627,97,57
1961,NYA,827,612,109,53
1962,NYA,817,680,96,66
1963,NYA,714,547,104,57
1964,NYA,730,577,99,63
1965,NYA,611,604,77,85
1966,NYA,611,612,70,89
1967,NYA,522,621,72,90
1968,NYA,536,531,83,79
1969,NYA,562,587,80,81
1970,NYA,680,612,93,69
1971,NYA,648,641,82,80
1972,NYA,557,527,79,76
1973,NYA,641,610,80,82
1974,NYA,671,623,89,73
1975,NYA,681,588,83,77
1976,NYA,730,575,97,62
1977,NYA,831,651,100,62
1978,NYA,735,582,100,63
1979,NYA,734,672,89,71
1980,NYA,820,662,103,59
1981,NYA,421,343,59,48
1982,NYA,709,716,79,83
1983,NYA,770,703,91,71
1984,NYA,758,679,87,75
1985,NYA,839,660,97,64
1986,NYA,797,738,90,72
1987,NYA,788,758,89,73
1988,NYA,772,748,85,76
1989,NYA,698,792,74,87
1990,NYA,603,749,67,95
1991,NYA,674,777,71,91
1992,NYA,733,746,76,86
1993,NYA,821,761,88,74
1994,NYA,670,534,70,43
1995,NYA,749,688,79,65
1996,NYA,871,787,92,70
1997,NYA,891,688,96,66
1998,NYA,965,656,114,48
1999,NYA,900,731,98,64
2000,NYA,871,814,87,74
2001,NYA,804,713,95,65
2002,NYA,897,697,103,58
2003,NYA,877,716,101,61
2004,NYA,897,808,101,61
2005,NYA,886,789,95,67
2006,NYA,930,767,97,65
2007,NYA,968,777,94,68
2008,NYA,789,727,89,73
2009,NYA,915,753,103,59
2010,NYA,859,693,95,67
2011,NYA,867,657,97,65
2012,NYA,804,668,95,67
2013,NYA,650,671,85,77
2014,NYA,633,664,84,78
2015,NYA,764,698,87,75
2016,NYA,680,702,84,78
2017,NYA,858,660,91,71
2018,NYA,851,669,100,62
2019,NYA,943,739,103,59
2020,NYA,315,270,33,27
2021,NYA,711,669,92,70
2022,NYA,807,567,99,63
2023,NYA,673,698,82,80
2024,NYA,815,668,94,68
1955,KC1,638,911,63,91
1956,KC1,619,831,52,102
1957,KC1,563,710,59,94
1958,KC1,642,713,73,81
1959,KC1,681,760,66,88
1960,KC1,615,756,58,96
1961,KC1,683,863,61,100
1962,KC1,745,837,72,90
1963,KC1,615,704,73,89
1964,KC1,621,836,57,105
1965,KC1,585,755,59,103
1966,KC1,564,648,74,86
1967,KC1,533,660,62,99
1968,OAK,569,544,82,80
1969,OAK,740,678,88,74
1970,OAK,678,593,89,73
1971,OAK,691,564,101,60
1972,OAK,604,457,93,62
1973,OAK,758,615,94,68
1974,OAK,689,551,90,72
1975,OAK,758,606,98,64
1976,OAK,686,598,87,74
1977,OAK,605,749,63,98
1978,OAK,532,690,69,93
1979,OAK,573,860,54,108
1980,OAK,686,642,83,79
1981,OAK,458,403,64,45
1982,OAK,691,819,68,94
1983,OAK,708,782,74,88
1984,OAK,738,796,77,85
1985,OAK,757,787,77,85
1986,OAK,731,760,76,86
1987,OAK,806,789,81,81
1988,OAK,800,620,104,58
1989,OAK,712,576,99,63
1990,OAK,733,570,103,59
1991,OAK,760,776,84,78
1992,OAK,745,672,96,66
1993,OAK,715,846,68,94
1994,OAK,549,589,51,63
1995,OAK,730,761,67,77
1996,OAK,861,900,78,84
1997,OAK,764,946,65,97
1998,OAK,804,866,74,88
1999,OAK,893,846,87,75
2000,OAK,947,813,91,70
2001,OAK,884,645,102,60
2002,OAK,800,654,103,59
2003,OAK,768,643,96,66
2004,OAK,793,742,91,71
2005,OAK,772,658,88,74
2006,OAK,771,727,93,69
2007,OAK,741,758,76,86
2008,OAK,646,690,75,86
2009,OAK,759,761,75,87
2010,OAK,663,626,81,81
2011,OAK,645,679,74,88
2012,OAK,713,614,94,68
2013,OAK,767,625,96,66
2014,OAK,729,572,88,74
2015,OAK,694,729,68,94
2016,OAK,653,761,69,93
2017,OAK,739,826,75,87
2018,OAK,813,674,97,65
2019,OAK,845,680,97,65
2020,OAK,274,232,36,24
2021,OAK,743,687,86,76
2022,OAK,568,770,60,102
2023,OAK,585,924,50,112
2024,OAK,643,764,69,93
1955,PHI,675,666,77,77
1956,PHI,668,738,71,83
1957,PHI,623,656,77,77
1958,PHI,664,762,69,85
1959,PHI,599,725,64,90
1960,PHI,546,691,59,95
1961,PHI,584,796,47,107
1962,PHI,705,759,81,80
1963,PHI,642,578,87,75
1964,PHI,693,632,92,70
1965,PHI,654,667,85,76
1966,PHI,696,640,87,75
1967,PHI,612,581,82,80
1968,PHI,543,615,76,86
1969,PHI,645,745,63,99
1970,PHI,594,730,73,88
1971,PHI,558,688,67,95
1972,PHI,503,635,59,97
1973,PHI,642,717,71,91
1974,PHI,676,701,80,82
1975,PHI,735,694,86,76
1976,PHI,770,557,101,61
1977,PHI,847,668,101,61
1978,PHI,708,586,90,72
1979,PHI,683,718,84,78
1980,PHI,728,639,91,71
1981,PHI,491,472,59,48
1982,PHI,664,654,89,73
1983,PHI,696,635,90,72
1984,PHI,720,690,81,81
1985,PHI,667,673,75,87
1986,PHI,739,713,86,75
1987,PHI,702,749,80,82
1988,PHI,597,734,65,96
1989,PHI,629,735,67,95
1990,PHI,646,729,77,85
1991,PHI,629,680,78,84
1992,PHI,686,717,70,92
1993,PHI,877,740,97,65
1994,PHI,521,497,54,61
1995,PHI,615,658,69,75
1996,PHI,650,790,67,95
1997,PHI,668,840,68,94
1998,PHI,713,808,75,87
1999,PHI,841,846,77,85
2000,PHI,708,830,65,97
2001,PHI,746,719,86,76
2002,PHI,710,724,80,81
2003,PHI,791,697,86,76
2004,PHI,840,781,86,76
2005,PHI,807,726,88,74
2006,PHI,865,812,85,77
2007,PHI,892,821,89,73
2008,PHI,799,680,92,70
2009,PHI,820,709,93,69
2010,PHI,772,640,97,65
2011,PHI,713,529,102,60
2012,PHI,684,680,81,81
2013,PHI,610,749,73,89
2014,PHI,619,687,73,89
2015,PHI,626,809,63,99
2016,PHI,610,796,71,91
2017,PHI,690,782,66,96
2018,PHI,677,728,80,82
2019,PHI,774,794,81,81
2020,PHI,306,311,28,32
2021,PHI,734,745,82,80
2022,PHI,747,685,87,75
2023,PHI,796,715,90,72
2024,PHI,784,671,95,67
1955,PIT,560,767,60,94
1956,PIT,588,653,66,88
1957,PIT,586,696,62,92
1958,PIT,662,607,84,70
1959,PIT,651,680,78,76
1960,PIT,734,593,95,59
1961,PIT,694,675,75,79
1962,PIT,706,626,93,68
1963,PIT,567,595,74,88
1964,PIT,663,636,80,82
1965,PIT,675,580,90,72
1966,PIT,759,641,92,70
1967,PIT,679,693,81,81
1968,PIT,583,532,80,82
1969,PIT,725,652,88,74
1970,PIT,729,664,89,73
1971,PIT,788,599,97,65
1972,PIT,691,512,96,59
1973,PIT,704,693,80,82
1974,PIT,751,657,88,74
1975,PIT,712,565,92,69
1976,PIT,708,630,92,70
1977,PIT,734,665,96,66
1978,PIT,684,637,88,73
1979,PIT,775,643,98,64
1980,PIT,666,646,83,79
1981,PIT,407,425,46,56
1982,PIT,724,696,84,78
1983,PIT,659,648,84,78
1984,PIT,615,567,75,87
1985,PIT,568,708,57,104
1986,PIT,663,700,64,98
1987,PIT,723,744,80,82
1988,PIT,651,616,85,75
1989,PIT,637,680,74,88
1990,PIT,733,619,95,67
1991,PIT,768,632,98,64
1992,PIT,693,595,96,66
1993,PIT,707,806,75,87
1994,PIT,466,580,53,61
1995,PIT,629,736,58,86
1996,PIT,776,833,73,89
1997,PIT,725,760,79,83
1998,PIT,650,718,69,93
1999,PIT,775,782,78,83
2000,PIT,793,888,69,93
2001,PIT,657,858,62,100
2002,PIT,641,730,72,89
2003,PIT,753,801,75,87
2004,PIT,680,744,72,89
2005,PIT,680,769,67,95
2006,PIT,691,797,67,95
2007,PIT,724,846,68,94
2008,PIT,735,884,67,95
2009,PIT,636,768,62,99
2010,PIT,587,866,57,105
2011,PIT,610,712,72,90
2012,PIT,651,674,79,83
2013,PIT,634,577,94,68
2014,PIT,682,631,88,74
2015,PIT,697,596,98,64
2016,PIT,729,758,78,83
2017,PIT,668,731,75,87
2018,PIT,692,693,82,79
2019,PIT,758,911,69,93
2020,PIT,219,298,19,41
2021,PIT,609,833,61,101
2022,PIT,591,817,62,100
2023,PIT,692,790,76,86
2024,PIT,665,739,76,86
1969,SDN,468,746,52,110
1970,SDN,681,788,63,99
1971,SDN,486,610,61,100
1972,SDN,488,665,58,95
1973,SDN,548,770,60,102
1974,SDN,541,830,60,102
1975,SDN,552,683,71,91
1976,SDN,570,662,73,89
1977,SDN,692,834,69,93
1978,SDN,591,598,84,78
1979,SDN,603,681,68,93
1980,SDN,591,654,73,89
1981,SDN,382,455,41,69
1982,SDN,675,658,81,81
1983,SDN,653,653,81,81
1984,SDN,686,634,92,70
1985,SDN,650,622,83,79
1986,SDN,656,723,74,88
1987,SDN,668,763,65,97
1988,SDN,594,583,83,78
1989,SDN,642,626,89,73
1990,SDN,673,673,75,87
1991,SDN,636,646,84,78
1992,SDN,617,636,82,80
1993,SDN,679,772,61,101
1994,SDN,479,531,47,70
1995,SDN,668,672,70,74
1996,SDN,771,682,91,71
1997,SDN,795,891,76,86
1998,SDN,749,635,98,64
1999,SDN,710,781,74,88
2000,SDN,752,815,76,86
2001,SDN,789,812,79,83
2002,SDN,662,815,66,96
2003,SDN,678,831,64,98
2004,SDN,768,705,87,75
2005,SDN,684,726,82,80
2006,SDN,731,679,88,74
2007,SDN,741,666,89,74
2008,SDN,637,764,63,99
2009,SDN,638,769,75,87
2010,SDN,665,581,90,72
2011,SDN,593,611,71,91
2012,SDN,651,710,76,86
2013,SDN,618,700,76,86
2014,SDN,535,577,77,85
2015,SDN,650,731,74,88
2016,SDN,686,770,68,94
2017,SDN,604,816,71,91
2018,SDN,617,767,66,96
2019,SDN,682,789,70,92
2020,SDN,325,241,37,23
2021,SDN,729,708,79,83
2022,SDN,705,660,89,73
2023,SDN,752,648,82,80
2024,SDN,760,669,93,69
1977,SEA,624,855,64,98
1978,SEA,614,834,56,104
1979,SEA,711,820,67,95
1980,SEA,610,793,59,103
1981,SEA,426,521,44,65
1982,SEA,651,712,76,86
1983,SEA,558,740,60,102
1984,SEA,682,774,74,88
1985,SEA,719,818,74,88
1986,SEA,718,835,67,95
1987,SEA,760,801,78,84
1988,SEA,664,744,68,93
1989,SEA,694,728,73,89
1990,SEA,640,680,77,85
1991,SEA,702,674,83,79
1992,SEA,679,799,64,98
1993,SEA,734,731,82,80
1994,SEA,569,616,49,63
1995,SEA,796,708,79,66
1996,SEA,993,895,85,76
1997,SEA,925,833,90,72
1998,SEA,859,855,76,85
1999,SEA,859,905,79,83
2000,SEA,907,780,91,71
2001,SEA,927,627,116,46
2002,SEA,814,699,93,69
2003,SEA,795,637,93,69
2004,SEA,698,823,63,99
2005,SEA,699,751,69,93
2006,SEA,756,792,78,84
2007,SEA,794,813,88,74
2008,SEA,671,811,61,101
2009,SEA,640,692,85,77
2010,SEA,513,698,61,101
2011,SEA,556,675,67,95
2012,SEA,619,651,75,87
2013,SEA,624,754,71,91
2014,SEA,634,554,87,75
2015,SEA,656,726,76,86
2016,SEA,768,707,86,76
2017,SEA,750,772,78,84
2018,SEA,677,711,89,73
2019,SEA,758,893,68,94
2020,SEA,254,303,27,33
2021,SEA,697,748,90,72
2022,SEA,690,623,90,72
2023,SEA,758,659,88,74
2024,SEA,676,607,85,77
1955,NY1,702,673,80,74
1956,NY1,540,650,67,87
1957,NY1,643,701,69,85
1958,SFN,727,698,80,74
1959,SFN,705,613,83,71
1960,SFN,671,631,79,75
1961,SFN,773,655,85,69
1962,SFN,878,690,103,62
1963,SFN,725,641,88,74
1964,SFN,656,587,90,72
1965,SFN,682,593,95,67
1966,SFN,675,626,93,68
1967,SFN,652,551,91,71
1968,SFN,599,529,88,74
1969,SFN,713,636,90,72
1970,SFN,831,826,86,76
1971,SFN,706,644,90,72
1972,SFN,662,649,69,86
1973,SFN,739,702,88,74
1974,SFN,634,723,72,90
1975,SFN,659,671,80,81
1976,SFN,595,686,74,88
1977,SFN,673,711,75,87
1978,SFN,613,594,89,73
1979,SFN,672,751,71,91
1980,SFN,573,634,75,86
1981,SFN,427,414,56,55
1982,SFN,673,687,87,75
1983,SFN,687,697,79,83
1984,SFN,682,807,66,96
1985,SFN,556,674,62,100
1986,SFN,698,618,83,79
1987,SFN,783,669,90,72
1988,SFN,670,626,83,79
1989,SFN,699,600,92,70
1990,SFN,719,710,85,77
1991,SFN,649,697,75,87
1992,SFN,574,647,72,90
1993,SFN,808,636,103,59
1994,SFN,504,500,55,60
1995,SFN,652,776,67,77
1996,SFN,752,862,68,94
1997,SFN,784,793,90,72
1998,SFN,845,739,89,74
1999,SFN,872,831,86,76
2000,SFN,925,747,97,65
2001,SFN,799,748,90,72
2002,SFN,783,616,95,66
2003,SFN,755,638,100,61
2004,SFN,850,770,91,71
2005,SFN,649,745,75,87
2006,SFN,746,790,76,85
2007,SFN,683,720,71,91
2008,SFN,640,759,72,90
2009,SFN,657,611,88,74
2010,SFN,697,583,92,70
2011,SFN,570,578,86,76
2012,SFN,718,649,94,68
2013,SFN,629,691,76,86
2014,SFN,665,614,88,74
2015,SFN,696,627,84,78
2016,SFN,715,631,87,75
2017,SFN,639,776,64,98
2018,SFN,603,699,73,89
2019,SFN,678,773,77,85
2020,SFN,299,297,29,31
2021,SFN,804,594,107,55
2022,SFN,716,697,81,81
2023,SFN,674,719,79,83
2024,SFN,693,699,80,82
1955,SLN,654,757,68,86
1956,SLN,678,698,76,78
1957,SLN,737,666,87,67
1958,SLN,619,704,72,82
1959,SLN,641,725,71,83
1960,SLN,639,616,86,68
1961,SLN,703,668,80,74
1962,SLN,774,664,84,78
1963,SLN,747,628,93,69
1964,SLN,715,652,93,69
1965,SLN,707,674,80,81
1966,SLN,571,577,83,79
1967,SLN,695,557,101,60
1968,SLN,583,472,97,65
1969,SLN,595,540,87,75
1970,SLN,744,747,76,86
1971,SLN,739,699,90,72
1972,SLN,568,600,75,81
1973,SLN,643,603,81,81
1974,SLN,677,643,86,75
1975,SLN,662,689,82,80
1976,SLN,629,671,72,90
1977,SLN,737,688,83,79
1978,SLN,600,657,69,93
1979,SLN,731,693,86,76
1980,SLN,738,710,74,88
1981,SLN,464,417,59,43
1982,SLN,685,609,92,70
1983,SLN,679,710,79,83
1984,SLN,652,645,84,78
1985,SLN,747,572,101,61
1986,SLN,601,611,79,82
1987,SLN,798,693,95,67
1988,SLN,578,633,76,86
1989,SLN,632,608,86,76
1990,SLN,599,698,70,92
1991,SLN,651,648,84,78
1992,SLN,631,604,83,79
1993,SLN,758,744,87,75
1994,SLN,535,621,53,61
1995,SLN,563,658,62,81
1996,SLN,759,706,88,74
1997,SLN,689,708,73,89
1998,SLN,810,782,83,79
1999,SLN,809,838,75,86
2000,SLN,887,771,95,67
2001,SLN,814,684,93,69
2002,SLN,787,648,97,65
2003,SLN,876,796,85,77
2004,SLN,855,659,105,57
2005,SLN,805,634,100,62
2006,SLN,781,762,83,78
2007,SLN,725,829,78,84
2008,SLN,779,725,86,76
2009,SLN,730,640,91,71
2010,SLN,736,641,86,76
2011,SLN,762,692,90,72
2012,SLN,765,648,88,74
2013,SLN,783,596,97,65
2014,SLN,619,603,90,72
2015,SLN,647,525,100,62
2016,SLN,779,712,86,76
2017,SLN,761,705,83,79
2018,SLN,759,691,88,74
2019,SLN,764,662,91,71
2020,SLN,240,229,30,28
2021,SLN,706,672,90,72
2022,SLN,772,637,93,69
2023,SLN,719,829,71,91
2024,SLN,672,719,83,79
1998,TBA,620,751,63,99
1999,TBA,772,913,69,93
2000,TBA,733,842,69,92
2001,TBA,672,887,62,100
2002,TBA,673,918,55,106
2003,TBA,715,852,63,99
2004,TBA,714,842,70,91
2005,TBA,750,936,67,95
2006,TBA,689,856,61,101
2007,TBA,782,944,66,96
2008,TBA,774,671,97,65
2009,TBA,803,754,84,78
2010,TBA,802,649,96,66
2011,TBA,707,614,91,71
2012,TBA,697,577,90,72
2013,TBA,700,646,92,71
2014,TBA,612,625,77,85
2015,TBA,644,642,80,82
2016,TBA,672,713,68,94
2017,TBA,694,704,80,82
2018,TBA,716,646,90,72
2019,TBA,769,656,96,66
2020,TBA,289,229,40,20
2021,TBA,857,651,100,62
2022,TBA,666,614,86,76
2023,TBA,860,665,99,63
2024,TBA,604,663,80,82
1961,WS2,618,776,61,100
1962,WS2,599,716,60,101
1963,WS2,578,812,56,106
1964,WS2,578,733,62,100
1965,WS2,591,721,70,92
1966,WS2,557,659,71,88
1967,WS2,550,637,76,85
1968,WS2,524,665,65,96
1969,WS2,694,644,86,76
1970,WS2,626,689,70,92
1971,WS2,537,660,63,96
1972,TEX,461,628,54,100
1973,TEX,619,844,57,105
1974,TEX,690,698,84,76
1975,TEX,714,733,79,83
1976,TEX,616,652,76,86
1977,TEX,767,657,94,68
1978,TEX,692,632,87,75
1979,TEX,750,698,83,79
1980,TEX,756,752,76,85
1981,TEX,452,389,57,48
1982,TEX,590,749,64,98
1983,TEX,639,609,77,85
1984,TEX,656,714,69,92
1985,TEX,617,785,62,99
1986,TEX,771,743,87,75
1987,TEX,823,849,75,87
1988,TEX,637,735,70,91
1989,TEX,695,714,83,79
1990,TEX,676,696,83,79
1991,TEX,829,814,85,77
1992,TEX,682,753,77,85
1993,TEX,835,751,86,76
1994,TEX,613,697,52,62
1995,TEX,691,720,74,70
1996,TEX,928,799,90,72
1997,TEX,807,823,77,85
1998,TEX,940,871,88,74
1999,TEX,945,859,95,67
2000,TEX,848,974,71,91
2001,TEX,890,968,73,89
2002,TEX,843,882,72,90
2003,TEX,826,969,71,91
2004,TEX,860,794,89,73
2005,TEX,865,858,79,83
2006,TEX,835,784,80,82
2007,TEX,816,844,75,87
2008,TEX,901,967,79,83
2009,TEX,784,740,87,75
2010,TEX,787,687,90,72
2011,TEX,855,677,96,66
2012,TEX,808,707,93,69
2013,TEX,730,636,91,72
2014,TEX,637,773,67,95
2015,TEX,751,733,88,74
2016,TEX,765,757,95,67
2017,TEX,799,816,78,84
2018,TEX,737,848,67,95
2019,TEX,810,878,78,84
2020,TEX,224,312,22,38
2021,TEX,625,815,60,102
2022,TEX,707,743,68,94
2023,TEX,881,716,90,72
2024,TEX,683,738,78,84
1977,TOR,605,822,54,107
1978,TOR,590,775,59,102
1979,TOR,613,862,53,109
1980,TOR,624,762,67,95
1981,TOR,329,466,37,69
1982,TOR,651,701,78,84
1983,TOR,795,726,89,73
1984,TOR,750,696,89,73
1985,TOR,759,588,99,62
1986,TOR,809,733,86,76
1987,TOR,845,655,96,66
1988,TOR,763,680,87,75
1989,TOR,731,651,89,73
1990,TOR,767,661,86,76
1991,TOR,684,622,91,71
1992,TOR,780,682,96,66
1993,TOR,847,742,95,67
1994,TOR,566,579,55,60
1995,TOR,642,777,56,88
1996,TOR,766,809,74,88
1997,TOR,654,694,76,86
1998,TOR,816,768,88,74
1999,TOR,883,862,84,78
2000,TOR,861,908,83,79
2001,TOR,767,753,80,82
2002,TOR,813,828,78,84
2003,TOR,894,826,86,76
2004,TOR,719,823,67,94
2005,TOR,775,705,80,82
2006,TOR,809,754,87,75
2007,TOR,753,699,83,79
2008,TOR,714,610,86,76
2009,TOR,798,771,75,87
2010,TOR,755,728,85,77
2011,TOR,743,761,81,81
2012,TOR,716,784,73,89
2013,TOR,712,756,74,88
2014,TOR,723,686,83,79
2015,TOR,891,670,93,69
2016,TOR,759,666,89,73
2017,TOR,693,784,76,86
2018,TOR,709,832,73,89
2019,TOR,726,828,67,95
2020,TOR,302,312,32,28
2021,TOR,846,663,91,71
2022,TOR,775,679,92,70
2023,TOR,746,671,89,73
2024,TOR,671,743,74,88
1969,MON,582,791,52,110
1970,MON,687,807,73,89
1971,MON,622,729,71,90
1972,MON,513,609,70,86
1973,MON,668,702,79,83
1974,MON,662,657,79,82
1975,MON,601,690,75,87
1976,MON,531,734,55,107
1977,MON,665,736,75,87
1978,MON,633,611,76,86
1979,MON,701,581,95,65
1980,MON,694,629,90,72
1981,MON,443,394,60,48
1982,MON,697,616,86,76
1983,MON,677,646,82,80
1984,MON,593,585,78,83
1985,MON,633,636,84,77
1986,MON,637,688,78,83
1987,MON,741,720,91,71
1988,MON,628,592,81,81
1989,MON,632,630,81,81
1990,MON,662,598,85,77
1991,MON,579,655,71,90
1992,MON,648,581,87,75
1993,MON,732,682,94,68
1994,MON,585,454,74,40
1995,MON,621,638,66,78
1996,MON,741,668,88,74
1997,MON,691,740,78,84
1998,MON,644,783,65,97
1999,MON,718,853,68,94
2000,MON,738,902,67,95
2001,MON,670,812,68,94
2002,MON,735,718,83,79
2003,MON,711,716,83,79
2004,MON,635,769,67,95
2005,WAS,639,673,81,81
2006,WAS,746,872,71,91
2007,WAS,673,783,73,89
2008,WAS,641,825,59,102
2009,WAS,710,874,59,103
2010,WAS,655,742,69,93
2011,WAS,624,643,80,81
2012,WAS,731,594,98,64
2013,WAS,656,626,86,76
2014,WAS,686,555,96,66
2015,WAS,703,635,83,79
2016,WAS,763,612,95,67
2017,WAS,819,672,97,65
2018,WAS,771,682,82,80
2019,WAS,873,724,93,69
2020,WAS,293,301,26,34
2021,WAS,724,820,65,97
2022,WAS,603,855,55,107
2023,WAS,700,845,71,91
2024,WAS,660,764,71,91
